Job Title,Location,Experience,Skills,domain
data science intern- undergrad (summer 2023),"san jose, ca, united states",Entry-level,"Agile, Architecture, Data analysis, Data Analytics, Data strategy, Data visualization",Data
r&d data scientist intern (alternance),"nice, provence-alpes-côte d'azur, france",Entry-level,"Big Data, Computer Science, Deep Learning, Engineering, Keras, Python",AI
alternance data analyst (h/f),"cluses, france",Entry-level,"Data analysis, Excel, Power BI, Python, R, R&D",Data
mlops engineer intern (alternance),"nice, provence-alpes-côte d'azur, france",Entry-level,"Azure, Big Data, CI/CD, Computer Science, Databricks, Deep Learning",AI
data scientist (nlp & ml) intern (alternance),"nice, provence-alpes-côte d'azur, france",Entry-level,"Azure, Big Data, C++, Computer Science, Deep Learning, Docker",AI
data analyst / data scientist intern (h/f/x) - july 2023,paris,Entry-level,"Agile, Clustering, Data analysis, Data visualization, KPIs, Pandas",Data
data science intern,"redwood city, california, united states",Entry-level,"Avro, AWS, Computer Science, CSV, DynamoDB, Finance",Data
data scientist - internship,"paris, france",Entry-level,"A/B testing, Engineering, Machine Learning, ML models, MLOps, Model design",AI
data scientist intern,"united states, remote",Entry-level,"APIs, Big Data, Business Analytics, Data analysis, Data Analytics, Data visualization",Data
data analytics intern,"san francisco, ca",Entry-level,"Banking, Data Analytics, Data visualization, Distributed Systems, Economics, FinTech",Data
internship: it project manager - data integration (m/f/d),"paris, france",Entry-level,"Agile, Engineering, KPIs",Other
analytics engineer intern,united states,Entry-level,"BigQuery, Computer Science, Data analysis, Data warehouse, Engineering, Finance",Data
"data analyst intern, business intelligence","sunnyvale, california",Entry-level,"Business Intelligence, Data governance, Excel, Security, SQL",Data
applied scientist intern,"bellevue, washington, usa",Entry-level,"Big Data, Data Analytics, Data Mining, Engineering, Machine Learning, Mathematics",AI
intern - machine learning,krakow,Entry-level,"AWS, Azure, Big Data, Computer Science, Data analysis, Dataflow",AI
data science - intern,"kuala lumpur, malaysia",Entry-level,"Classification, Computer Science, Engineering, Finance, FinTech, Machine Learning",AI
data scientist - internship,"brussels, london, paris, vienna, dubai, houston, new …",Entry-level,"Data analysis, Data quality, Data visualization, Git, Machine Learning, ML models",AI
intern program: data science intern,"atlanta, ga, united states",Entry-level,"Cluster analysis, Data analysis, Privacy, SAS, Statistics",Data
📈 nlp research intern,"san francisco, ca",Entry-level,"Conversational AI, Deep Learning, NLP, PhD, PyTorch, Research",AI
act two program - data engineer,"universal city, california, united states",Entry-level,"Agile, Airflow, Big Data, Computer Science, Data Analytics, Data management",AI
intern associate data analyst – undergrad – austin,"austin, tx, united states",Entry-level,"Computer Science, Data Analytics, Data visualization, Engineering, Excel, SQL",Data
📊 data analyst intern - business & product ops,"san francisco, ca",Entry-level,"BigQuery, Conversational AI, Data visualization, Engineering, Excel, GCP",AI
ai research scientist intern,"lisbon, lisbon, portugal",Entry-level,"Computer Science, Deep Learning, Engineering, Machine Learning, NLP, PhD",AI
internship - data science (for current students),"johannesburg, south africa",Entry-level,"Big Data, Clustering, Computer Science, Data analysis, Data Mining, Econometrics",Data
stage 6 mois - data scientist junior h/f,"nanterre, france",Entry-level,"Big Data, Power BI, Python, R, SQL",Data
internship - master data management,"solothurn/zuchwil, switzerland",Entry-level,"Data Analytics, Data management, Excel, Industrial, Spark",Data
machine learning intern,"sunnyvale, ca",Entry-level,"Agile, ANN, Architecture, Autonomous Driving, Computer Science, Data analysis",AI
data science intern,"bengaluru, karnataka, india - remote",Entry-level,"A/B testing, Computer Science, Data analysis, Data visualization, FinTech, Machine Learning",AI
data engineering internship,"lisbon, portugal",Entry-level,"Angular, APIs, Architecture, Computer Science, Data Analytics, Engineering",Data
[intern] ai/ computer vision engineer,"tân bình, vietnam",Entry-level,"Computer Science, Computer Vision, Consulting, Deep Learning, Economics, Engineering",AI
r&d data scientist intern (alternance),"paris, île-de-france, france",Entry-level,"Big Data, Computer Science, Deep Learning, Engineering, Keras, Python",AI
"software development engineer intern (summer 2023) - machine learning apps, acceleration, annapurna labs","austin, texas, usa",Entry-level,"AWS, Computer Science, Deep Learning, Distributed Systems, EC2, Engineering",AI
data scientist (nlp & ml) intern (alternance),"paris, île-de-france, france",Entry-level,"Azure, Big Data, C++, Computer Science, Deep Learning, Docker",AI
stage de fin d'études - consultant(e) data management,"paris, france",Entry-level,"APIs, Architecture, AWS, Azure, Big Data, Business Intelligence",Data
mlops engineer intern (alternance),"paris, île-de-france, france",Entry-level,"Azure, Big Data, CI/CD, Computer Science, Databricks, Deep Learning",AI
data management intern (12 months internship),"ebène, mauritius",Entry-level,"Classification, Data management, Excel, Research",Other
"intern, ml ops",new york city,Entry-level,"AWS, Azure, Computer Science, Docker, GCP, Google Cloud",AI
website & data analyses - internship eu student,"breda, netherlands",Entry-level,"E-commerce, Research, Testing",Web
computer vision intern,"seattle, washington, united states - remote",Entry-level,"Computer Vision, Consulting, Engineering, Machine Learning",AI
"data science intern | social media analysis | us, canada, uk, germany",anywhere,Entry-level,"AWS, Data analysis, Data visualization, Engineering, Machine intelligence, Machine Learning",AI
data science intern,"san francisco, ca",Entry-level,"Computer Science, Data Mining, Deep Learning, Engineering, Excel, KPIs",AI
"machine learning engineer, comprehension intern","remote or pasadena, ca",Entry-level,"Computer Science, ETL, Machine Learning, Mathematics, NLP, OOP",AI
"data analyst, search intern","remote or pasadena, ca",Entry-level,"Business Analytics, Computer Science, Machine Learning, Mathematics, NLP, Python",AI
summer 2023: machine learning intern,"pittsburgh, pennsylvania, united states",Entry-level,"Architecture, Autonomous Driving, Computer Science, Data Mining, Distributed Systems, Machine Learning",AI
"co-op/intern software engineer, ai platform","toronto, canada; remote, canada",Entry-level,"Big Data, Bitbucket, DevOps, Engineering, GitHub, Industrial",AI
data science trainee - ref1574s,"budapest, debrecen, szeged, pécs, hungary",Entry-level,"Agile, Computer Science, Jira, Kanban, Keras, Machine Learning",AI
data analyst (6 month internship) (m/f),"cluses, france",Entry-level,"Data management, Data quality, R, R&D, Testing",Data
"intern, associate data analyst","austin, tx, united states",Entry-level,"Computer Science, Data Analytics, Data visualization, Engineering, Excel, SQL",Data
natural language processing intern,"cambridge, ma",Entry-level,"Computer Science, LLMs, Machine Learning, NLP, OOP, Prototyping",AI
data scientist intern,paris,Entry-level,"Classification, Computer Science, Data visualization, Deep Learning, Finance, Linear algebra",AI
amazon robotics - applied scientist intern - 2023,"westborough, massachusetts, usa",Entry-level,"Computer Science, Computer Vision, Engineering, Machine Learning, Mathematics, PhD",AI
machine learning content development intern,united kingdom or belgium,Entry-level,"Engineering, GitHub, Machine Learning, MLFlow, Python, Teaching",AI
junior machine learning engineer - zürich (internship),"zürich, zurich, switzerland",Entry-level,"Classification, Clustering, Computer Science, D3, Deep Learning, Engineering",AI
data scientist - intern,"los angeles, ca",Entry-level,"Architecture, AWS, Big Data, Computer Science, Data analysis, GCP",Data
data analysis intern - istanbul,"i̇stanbul, i̇stanbul, turkey",Entry-level,"Business Intelligence, Data analysis, Data Analytics, Data quality, Engineering, Excel",Data
junior machine learning engineer - lausanne (internship),"lausanne, vaud, switzerland",Entry-level,"Classification, Clustering, Computer Science, D3, Deep Learning, Engineering",AI
sports data science intern,"los angeles, california, san francisco, california, new …",Entry-level,"Bayesian, CI/CD, Computer Science, Data analysis, Data management, Engineering",Data
computer vision / machine learning intern,zürich,Entry-level,"C++, Computer Science, Computer Vision, Machine Learning, ML models, NLP",AI
machine learning engineer 2023 internship programme (6 months),"crawley, united kingdom",Entry-level,"C++, Computer Science, Deep Learning, HPC, Machine Learning, Mathematics",AI
junior data analyst - extra curricular internship,"torino, italy",Entry-level,"Big Data, Computer Science, Consulting, Data analysis, Data Mining, Data quality",Data
intern for ai machine learning - aquaeasy,"singapore, singapore",Entry-level,"Data analysis, Data visualization, Machine Learning, Python, R, R&D",AI
2023 software engineering internship - data engineer,"ann arbor, michigan, united states",Entry-level,"ANN, Engineering, Golang, Helm, Python, Research",Other
"intern, data science & analytics","miami, fl, united states",Entry-level,"Data strategy, Data Studio, Excel, Power BI, Python, Research",Data
internship for bigdata analysis in the areas of project management and sw development metrics,"abstatt, germany",Entry-level,"Azure, Big Data, Computer Science, Data analysis, Engineering, Excel",Data
data analytics intern (summer 2023),"washington, dc, united states",Entry-level,"Big Data, BigQuery, Computer Science, Data analysis, Data Analytics, Data Studio",Data
customer data specialist intern,"columbus, ohio, united states - remote",Entry-level,"Airtable, APIs, Business Analytics, Business Intelligence, Data visualization, ETL",AI
project manager intern - sparklabs,san francisco bay area,Entry-level,"Excel, Jira, Privacy, Testing",Other
machine learning research engineer internship,"sunnyvale, california, united states",Entry-level,"Chemistry, CI/CD, Git, Machine Learning, ML models, NumPy",AI
"canada - early talent - data science intern, decisions-product - montreal, canada (summer 2023)","montreal, canada",Entry-level,"A/B testing, Biology, Computer Science, Economics, Engineering, Mathematics",Data
battery data science intern,"sunnyvale, california, united states",Entry-level,"Chemistry, CI/CD, Computer Science, Data pipelines, Engineering, Git",Data
data engineering intern,"oakland, ca",Entry-level,"Computer Science, Engineering, Python, RDBMS, Scala, SQL",Other
data analyst (6 month internship) (m/f),"cluses, france",Entry-level,"Data management, Data quality, Industrial, R, R&D, Testing",Data
"data science intern, registries and real world data","south san francisco, ca",Entry-level,"Biology, Computer Science, Data quality, Engineering, Machine Learning, Mathematics",AI
network data science intern,"austin, tx",Entry-level,"APIs, Privacy",Data
stage - ingénieur véhicule autonome,"sèvres, france",Entry-level,"Python, R, R&D",Other
"data science intern, computational biology","south san francisco, ca",Entry-level,"Architecture, Biology, Computer Science, Data analysis, EDA, Engineering",Data
"data analytics intern, innovation operations","santa clara, california, united states",Entry-level,"Computer Science, Data Analytics, Data visualization, Economics, Excel, Finance",Data
2023 co-op student - digital automation -- data analyst (may- nov),"oakbrook terrace, il, united states",Entry-level,"Computer Science, Engineering, Excel, Industrial, KNIME, Mathematics",Data
summer intern: data science,chicago,Entry-level,"AWS, Data analysis, EDA, Machine Learning, ML infrastructure, NLP",AI
data engineer - intern (summer 2023),san francisco or austin,Entry-level,"Angular, APIs, Architecture, Computer Science, Data Analytics, Engineering",Data
business data analyst intern (apac),paris,Entry-level,"Consulting, Data visualization, KPIs, Python, SQL, Tableau",Data
junior data analyst (end-of-studies internship),paris,Entry-level,"Consulting, Engineering, Excel, Machine Learning, Mathematics, SQL",AI
consultant.e.s – stage/alternance -  it & data architecture,"nantes, france",Entry-level,"APIs, Architecture, AWS, Azure, Big Data, DevOps",Data
product data analyst intern m/f/d,"paris, france",Entry-level,"Data analysis, Data pipelines, Data visualization, KPIs, Pipelines, Python",Data
2023 business intelligence engineer internship,"milan, lombardy, ita",Entry-level,"AWS, Business Intelligence, Computer Science, Data Mining, Data pipelines, Data warehouse",Cloud
data scientist trainee (m/w/d),"frankfurt am main, germany",Entry-level,"AWS, Big Data, Data Mining, Deep Learning, Machine Learning, NoSQL",AI
"data science & analytics, summer intern","springdale, ar, united states",Entry-level,"Data visualization, Excel, Mathematics, Statistics, STEM, Tableau",Data
business intelligence & data visualization,"paris, france",Entry-level,"Agile, Business Intelligence, Data visualization, Machine Learning, Research, UX",AI
data analyst intern - singapore,"singapore, central singapore, singapore",Entry-level,"Data analysis, GCP, Google Cloud, Machine Learning, ML models, Python",AI
data analyst intern,"bangkok, bangkok, thailand - remote",Entry-level,"Business Intelligence, Data Analytics, Data visualization, Data warehouse, Finance, FinTech",Data
machine learning/artificial intelligence intern,"palo alto, ca, united states",Entry-level,"Biology, Computer Science, HPC, Linux, Machine Learning, NLP",AI
"nlp software engineer, intern",boston,Entry-level,"BERT, Computer Science, Data analysis, GitHub, GPT, Machine Learning",AI
data engineer - intern,"pune, india",Entry-level,"Airflow, APIs, AWS, Azure, Computer Science, Data pipelines",AI
"perception intern, deep learning data","brighton, colorado",Entry-level,"AWS, Deep Learning, Docker, Git, Lidar, Python",AI
data analyst intern - korea,"gangnam-gu, seoul, south korea",Entry-level,"Data analysis, GCP, Google Cloud, Machine Learning, ML models, Python",AI
"intern, ai research engineer","singapore, singapore",Entry-level,"Computer Science, Computer Vision, Deep Learning, Engineering, Industrial, Machine Learning",AI
"phd -interns, data scientist","bengaluru, india",Entry-level,"Agile, Architecture, Classification, Data Mining, Data pipelines, Deep Learning",AI
computational biology intern,new york,Entry-level,"Biology, Computer Science, Deep Learning, Drug discovery, Machine Learning, Python",AI
amazon robotics - applied scientist intern/co-op - 2023,"westborough, massachusetts, usa",Entry-level,"Computer Science, Computer Vision, Engineering, Machine Learning, Mathematics, PhD",AI
phd machine learning engineer intern (summer 2023),"san francisco, ca, united states",Entry-level,"Architecture, AWS, Banking, Blockchain, Computer Science, Crypto",AI
reporting and data infrastructure intern,"remote, san francisco",Entry-level,"Banking, Computer Science, Data governance, FinTech, LookML, Privacy",AI
campus | data engineer (intern),singapore,Entry-level,"Data Analytics, Economics, Engineering, Finance, Linux, MySQL",Data
data analyst intern (summer 2023),remote us,Entry-level,"Big Data, BigQuery, Computer Science, Data Analytics, Engineering, Finance",Data
data science intern (summer 2023),"san francisco, ca, united states",Entry-level,"A/B testing, Airflow, Banking, BigQuery, Blockchain, Computer Science",AI
data engineer internship,"santa monica, ca",Entry-level,"AWS, Data pipelines, DevOps, Engineering, ETL, Excel",Cloud
data analytics intern: consumer economics,"san francisco, ca",Entry-level,"Banking, Data Analytics, Data visualization, Economics, FinTech, Privacy",Data
grad intern: bioinformatics/assay data visualization and analysis,"palo alto, ca, united states",Entry-level,"Data Analytics, Data visualization, Engineering, Matplotlib, PhD, Plotly",Data
data operations intern (quality assurance),"syosset, new york, united states",Entry-level,"Agile, Databricks, DataOps, Excel, Jira, PySpark",Other
data science intern,"brooklyn, ny, united states",Entry-level,"Causal inference, Computer Science, Economics, Machine Learning, PhD, Python",AI
data engineer / data analyst - stage de fin d'études - paris 2e,"paris, france",Entry-level,"Agile, Architecture, AWS, BigQuery, Dataflow, Data visualization",Data
[internship] - junior data scientist #2 (w/m),paris 75017,Entry-level,"Agile, Biology, Computer Science, Data analysis, E-commerce, Economics",Data
[internship] - junior data scientist #1 (w/m),paris 75017,Entry-level,"Agile, Biology, Computer Science, Data analysis, E-commerce, Economics",Data
phd intern - data science,"bengaluru, india",Entry-level,"Big Data, Computer Science, Data Analytics, Deep Learning, Engineering, Linear algebra",AI
jr data engineer - internship,"cernusco sul naviglio, italy",Entry-level,"Business Intelligence, Computer Science, Data analysis, Engineering, Industrial, Mathematics",Data
engineering intern (data engineering),"syosset, new york, united states",Entry-level,"Agile, Architecture, AWS, Azure, Big Data, Data visualization",Data
[internship] machine learning,remote (india),Entry-level,"Deep Learning, Linear algebra, Machine Learning, NLP, NumPy, Pandas",AI
research analyst intern (summer 2023 ),remote (work from home) us,Entry-level,"Consulting, Economics, Excel, Python, Research, SQL",Other
data operations intern (data management),"syosset, new york, united states",Entry-level,"Agile, Databricks, Data management, DataOps, Data quality, Excel",Other
data scientist intern,"paris, île-de-france, france",Entry-level,"Deep Learning, NumPy, Pandas, Python, R, R&D",AI
"intern, data engineering - digital innovation (summer 2023)","milpitas, ca, united states",Entry-level,"Computer Science, Data analysis, Data pipelines, Data quality, EDA, Engineering",Data
data science & analytics intern,"new york city, ny",Entry-level,"Business Intelligence, Data pipelines, ETL, Machine Learning, MySQL, Pipelines",AI
ai/ml graduate intern with focus on ai engineering (6 - 12 months),"mount prospect, il, united states",Entry-level,"AWS, Azure, Computer Science, Engineering, GCP, Industrial",AI
data analytics intern,cape town,Entry-level,"Data Analytics, E-commerce",Data
data science intern,"boston, ma",Entry-level,"Python, Security",Data
data analytics intern (pricing analyst) - 2023  summer internship program - cr,"kraków, poland",Entry-level,"Business Intelligence, Data analysis, Data Analytics, Data management, Data quality, Data visualization",Data
internship: data analyst intern,new york city,Entry-level,"Computer Science, Data Analytics, Mathematics, Physics, SQL, Statistics",Data
data analyst - stage de fin d'études - paris 2e,"paris, france",Entry-level,"Agile, Architecture, AWS, BigQuery, Dataflow, Data visualization",Data
internship big data for fleet validation,"stuttgart, germany",Entry-level,"Agile, Azure, Big Data, Data analysis, Databricks, Engineering",Data
data engineer - stage de fin d'études - paris 2e,"paris, france",Entry-level,"Agile, Architecture, AWS, BigQuery, Dataflow, Data visualization",Cloud
ai/ml summer intern,"san jose, ca",Entry-level,"Data pipelines, Distributed Systems, Engineering, Linear algebra, Machine Learning, ML infrastructure",AI
internship: data science intern,new york city,Entry-level,"Computer Science, Mathematics, Pandas, Physics, Python, Research",Data
machine learning engineer summer 2023 internship,"watertown, ma",Entry-level,"Biology, Computer Science, Engineering, Machine Learning, Mathematics, ML infrastructure",AI
machine learning internship,"philadelphia, pa",Entry-level,"Computer Vision, CUDA, Deep Learning, Engineering, GPU, Machine Learning",AI
digital data analyst,"bogotá, colombia",Entry-level,"Data Studio, Excel, Jira, Spark",Data
data scientist (end-of-studies internship),france - paris,Entry-level,"Big Data, Chatbots, Computer Science, Engineering, Machine Learning, Mathematics",AI
data analyst intern,"golden, colorado",Entry-level,"Athena, AWS, Computer Science, Data analysis, Data Analytics, Data visualization",Data
"bioinformatics intern, machine learning","palo alto, ca, united states",Entry-level,"AWS, Biology, Data analysis, Genetics, Git, GitHub",AI
ai/ml graduate intern with focus on ai engineering,"mount prospect, il, united states",Entry-level,"AWS, Azure, Computer Science, Engineering, GCP, Industrial",AI
summer internship - data science / advanced analytics,"los angeles, ca, united states",Entry-level,"Excel, R",Data
data analytics internship,"madison, wi",Entry-level,"Data Analytics, Grafana, Python, SQL, Statistics, Tableau",Data
computer vision developer intern,"montréal, qc, canada",Entry-level,"Computer Vision, Distributed Systems, GPU, JavaScript, Jupyter, Mathematics",AI
"academic internship - deep learning, synthetic data","braga, portugal",Entry-level,"Autonomous Driving, Computer Science, Computer Vision, Deep Learning, Lidar, Machine Learning",AI
"academic internship - deep learning, multi-task","braga, portugal",Entry-level,"Computer Science, Computer Vision, Deep Learning, Lidar, Machine Learning, Physics",AI
"phd -interns, data scientist","bengaluru, india",Entry-level,"Big Data, Computer Science, Data Analytics, Engineering, Machine Learning, PhD",AI
"business application intern, machine learning","palo alto, ca, united states",Entry-level,"Architecture, AWS, Computer Science, Engineering, Machine Learning, Privacy",AI
data analytics intern,boston,Entry-level,"Computer Science, Data Analytics, Looker, Prototyping, Security, SQL",Data
data sciences intern(smart's),"madrid, spain",Entry-level,"Data analysis, Economics, Engineering, Mathematics, .NET, RDBMS",Data
internship – machine learning/mlops engineer (6 months),"massy, france",Entry-level,"CI/CD, Computer Science, Engineering, HPC, Machine Learning, MLFlow",AI
"intern, data engineering (summer 2023)","san jose, ca, united states",Entry-level,"AWS, Big Data, Computer Science, Data analysis, Data Analytics, Data pipelines",Data
internship embedded ai engineering,"reutlingen, germany",Entry-level,"Computer Science, Deep Learning, Engineering, Machine Learning, Mathematics, Physics",AI
data analyst intern,"new york city, united states",Entry-level,"Agile, Big Data, Business Analytics, Computer Science, Data analysis, E-commerce",Data
data scientist - internship,"paris, france",Entry-level,"Classification, Machine Learning, ML models, NumPy, Pandas, Python",AI
computer vision developer,"montréal, qc, canada",Entry-level,"Computer Vision, Distributed Systems, GPU, JavaScript, Jupyter, Mathematics",AI
"intern, data engineer",remote,Entry-level,"Business Intelligence, Computer Science, ELT, Engineering, Healthcare technology, Snowflake",Other
data science and systems engineers - summer intern 2023,"uk, great britain, united kingdom",Entry-level,"Agile, Computer Science, Consulting, Engineering, Excel, Mathematics",Data
ai engineer internship,"paris, île-de-france, france - remote",Entry-level,"Agile, APIs, Deep Learning, Keras, Machine Learning, NumPy",AI
canada - early talent - supply chain data analyst intern (summer 2023),"montreal, canada",Entry-level,"Business Analytics, Data analysis, Excel, Jira, Power BI, SQL",AI
machine learning engineer intern,"seattle, wa or santa monica, ca",Entry-level,"Architecture, Computer Vision, CUDA, cuDNN, Deep Learning, DenseNet",AI
ai scientist internship,"london, england, united kingdom",Entry-level,"Architecture, Biology, Chemistry, Computer Science, Deep Learning, Drug discovery",AI
"spring internship program - machine learning engineer (skopje, bitola, ohrid)","skopje, greater skopje, north macedonia",Entry-level,"Computer Science, Computer Vision, Deep Learning, Machine Learning, NLP, NumPy",AI
stagiaire data analyst (f/h/nb),"bordeaux, france",Entry-level,"Airflow, ETL, Git, Hadoop, PySpark, Python",AI
data science intern,"brooklyn, ny, united states",Entry-level,"Computer Vision, Data Mining, Deep Learning, Diffusion models, E-commerce, ICLR",AI
bioinformatics data scientist internship,"london, england, united kingdom",Entry-level,"Biology, Causal inference, Data Analytics, Data pipelines, Drug discovery, Engineering",Data
data science intern,"london, united kingdom",Entry-level,"APIs, Architecture, Data analysis, Power BI, Python, SQL",Data
data scientist internship,"london, england, united kingdom",Entry-level,"Biology, Data analysis, Data quality, Drug discovery, Jupyter, Machine Learning",AI
data science intern | greece,remotely,Entry-level,"Computer Science, Data analysis, Data Analytics, Data Studio, Engineering, Machine Learning",AI
"summer internship, data scientist | content business (us)",new york city,Entry-level,"Computer Science, Economics, Machine Learning, Mathematics, ML models, PhD",AI
machine learning intern,"paris, france (hybrid)",Entry-level,"AWS, Computer Vision, Deep Learning, GCP, Git, GPU",AI
"summer internship, machine learning engineer intern | platform mission (us)",new york city,Entry-level,"A/B testing, Agile, Cassandra, Classification, Data quality, Flink",AI
data developer intern,"remote or state college, pa",Entry-level,DataOps,Other
machine learning engineering intern,remote (usa),Entry-level,"Computer Science, Data Mining, Data pipelines, Deep Learning, Engineering, Hadoop",AI
climate data analyst - intern (asset impact) | paris or berlin,"paris, île-de-france, france",Entry-level,"Data analysis, Excel, Finance, Python, R, RDBMS",Data
data science intern - causal inference with network interference (summer 2023),"san mateo, ca, united states",Entry-level,"Airflow, Big Data, Causal inference, Computer Science, Economics, Engineering",AI
stage - data analyst power bi - h/f,"nanterre, france",Entry-level,"Excel, Power BI, Robotics, RPA, SharePoint",Data
data science intern,"emeryville, ca, united states",Entry-level,"Data analysis, R, SAS, Statistics",Data
"summer internship, analytics engineer | content business (us)",new york city,Entry-level,"APIs, BigQuery, Computer Science, Engineering, ETL, PhD",Data
artificial intelligence research internship,"madrid, spain",Entry-level,"Caffe, Computer Science, Computer Vision, Deep Learning, Engineering, Keras",AI
data analytics internship,"birmingham, al",Entry-level,"Data Analytics, Grafana, Python, SQL, Statistics, Tableau",Data
data engineer intern,united states - remote,Entry-level,"Airflow, AWS, Azure, Engineering, ETL, GCP",AI
data analytics engineer (intern),"hayward, california, united states",Entry-level,"APIs, AWS, BigQuery, Computer Science, Data Analytics, Databricks",Data
data analyst intern - summer 2023,"toronto, on, canada",Entry-level,"Computer Science, Data visualization, Mathematics, SQL, Statistics",Data
"summer internship, product management | data management (us)",new york city,Entry-level,"Agile, Big Data, Computer Science, Data management, Economics, Engineering",Data
intern | machine learning (generative ai),"singapore, singapore",Entry-level,"Computer Science, Data analysis, Deep Learning, EDA, Engineering, Feature engineering",AI
data science intern - payments,singapore,Entry-level,"Caffe, Computer Vision, Deep Learning, Engineering, Keras, Machine Learning",AI
"deep learning infrastructure intern (summer, full-time)","pittsburgh, pa",Entry-level,"AWS, Computer Science, Computer Vision, Deep Learning, DevOps, Docker",AI
embedded machine learning intern for sensors and edge devices,"sunnyvale, ca, united states",Entry-level,"ASIC Design, Classification, Computer Science, Data Mining, Engineering, Linux",AI
data science intern,united states,Entry-level,"A/B testing, Data analysis, EDA, Engineering, Git, GitHub",Data
data analyst - internship (h/f),"paris, france",Entry-level,Power BI,Data
data engineer intern,"dublin, ca, usa",Entry-level,"Computer Science, Data pipelines, Data warehouse, Distributed Systems, Engineering, Excel",Other
data quality management internship,rotterdam,Entry-level,"AWS, Computer Science, Data quality, Engineering, Power BI, Privacy",Cloud
"product design intern, data integrations","-remote, uk-",Entry-level,"Agile, Engineering, Privacy, Prototyping, Research, UX",Other
"intern, robot research engineer","singapore, singapore",Entry-level,"Computer Science, Engineering, Industrial, Machine Learning, Python, Research",AI
"summer internship, data science | music mission (us)",new york city,Entry-level,"A/B testing, Airflow, Biology, Computer Science, Data pipelines, Data visualization",AI
data science intern - 2023 summer internship program - cr,"kraków, poland",Entry-level,"Bayesian, Business Analytics, Classification, Data analysis, Engineering, Finance",Data
machine learning operations intern - summer 2023,remote united states,Entry-level,"AWS, Azure, Computer Science, Databricks, GCP, Linux",AI
doctorate intern in machine learning and reasoning,"calabasas, ca",Entry-level,"Deep Learning, Machine intelligence, Machine Learning, Privacy, Python, PyTorch",AI
nlp applied science internship,"jersey city, new jersey, united states",Entry-level,"Computer Science, Engineering, HuggingFace, Machine Learning, Mathematics, NLP",AI
autonomy engineering summer intern,"mountain view, ca",Entry-level,"C++, Computer Science, Computer Vision, Engineering, Genetics, Matlab",AI
internship - data analytics with sql,"bucurești, romania",Entry-level,"Cybernetics, Data Analytics, Engineering, Excel, SQL, Statistics",Data
machine learning research engineering intern (remote),"south san francisco, california",Entry-level,"Biology, Computer Science, Engineering, GPU, Machine Learning, Model training",AI
life science data engineer intern,new york,Entry-level,"APIs, Architecture, Biology, Chemistry, CI/CD, Computer Science",Other
data analyst - internship,"milano, italy",Entry-level,"Business Intelligence, Computer Science, Consulting, Mathematics, Statistics",Data
junior data analyst - stage (h/f),"paris, france",Entry-level,"Business Intelligence, Excel, Power BI, Python, Streaming, Tableau",Data
data science summer internship programme 2023,"london, united kingdom",Entry-level,"Deep Learning, Engineering, Machine Learning, NLP, Privacy, Research",AI
"intern, ai engineer for hvac","singapore, singapore",Entry-level,"Computer Science, Engineering, Industrial, NumPy, OpenAI, Pandas",AI
data science intern 2023,"london, united kingdom",Entry-level,"Deep Learning, Engineering, Machine Learning, NLP, Privacy, Research",AI
data management unit intern,"nakuru, kenya",Entry-level,"Consulting, Data analysis, Data management, Data quality, Data visualization, Excel",Data
machine learning intern,"bengaluru, karnataka, india",Entry-level,"BERT, Elasticsearch, GPT, Keras, Machine Learning, ML models",AI
"applied research, machine learning - phd summer intern","mountain view, california (hq)",Entry-level,"Autonomous Driving, Computer Science, Deep Learning, Generative modeling, ICLR, ICML",AI
"summer internship, research scientist, audio intelligence | music mission (emea or us)",berlin,Entry-level,"Computer Science, Engineering, GitHub, Machine Learning, Mathematics, NumPy",AI
internship: deep learning based lane and road edge detection,"leonberg, germany",Entry-level,"Agile, Computer Science, Computer Vision, Deep Learning, Engineering, Python",AI
